full_date,date,weekday,time,mood,activities,note
9/04/2020,9-Apr,Thursday,7:54,meh,,
8/04/2020,8-Apr,Wednesday,21:04,meh,dislike work,
8/04/2020,8-Apr,Wednesday,7:19,good,neutral work,
7/04/2020,7-Apr,Tuesday,21:25,meh,dislike work,
7/04/2020,7-Apr,Tuesday,7:09,good,,
6/04/2020,6-Apr,Monday,21:00,good,,
6/04/2020,6-Apr,Monday,7:06,good,learning | procrastinating | neutral work,
5/04/2020,5-Apr,Sunday,22:28,good,,
5/04/2020,5-Apr,Sunday,7:55,good,,
4/04/2020,4-Apr,Saturday,22:55,good,learning | cooking | neutral work | scared,
4/04/2020,4-Apr,Saturday,7:13,good,,
3/04/2020,3-Apr,Friday,22:39,good,reading | procrastinating | sex | neutral work,
3/04/2020,3-Apr,Friday,7:24,meh,neutral work,
2/04/2020,2-Apr,Thursday,21:38,good,reading | learning | read news | neutral work,
2/04/2020,2-Apr,Thursday,7:23,meh,read news | dislike work,
1/04/2020,1-Apr,Wednesday,22:33,good,work | reading | learning | procrastinating | read news | neutral work,
1/04/2020,1-Apr,Wednesday,8:02,good,,
31/03/2020,31-Mar,Tuesday,21:57,good,relax | reading | gaming | procrastinating | neutral work | scared,
31/03/2020,31-Mar,Tuesday,7:10,meh,neutral work,sad about pandemic
30/03/2020,30-Mar,Monday,21:05,good,neutral work | scared,
30/03/2020,30-Mar,Monday,7:05,meh,dislike work,
29/03/2020,29-Mar,Sunday,22:04,meh,,
29/03/2020,29-Mar,Sunday,7:19,meh,dislike work | scared,
28/03/2020,28-Mar,Saturday,8:13,good,sex | dislike work,
27/03/2020,27-Mar,Friday,21:07,good,friends | dislike work | scared,
27/03/2020,27-Mar,Friday,7:22,meh,dislike work | scared,
26/03/2020,26-Mar,Thursday,21:12,bad,dislike work | scared,
26/03/2020,26-Mar,Thursday,7:07,meh,neutral work | scared,
25/03/2020,25-Mar,Wednesday,21:15,meh,neutral work,
25/03/2020,25-Mar,Wednesday,7:21,good,neutral work,
24/03/2020,24-Mar,Tuesday,21:09,good,like work,
24/03/2020,24-Mar,Tuesday,7:13,bad,neutral work,
23/03/2020,23-Mar,Monday,22:28,meh,,
23/03/2020,23-Mar,Monday,7:11,meh,neutral work,
22/03/2020,22-Mar,Sunday,21:28,good,neutral work,
22/03/2020,22-Mar,Sunday,7:55,meh,,
21/03/2020,21-Mar,Saturday,23:06,meh,,
21/03/2020,21-Mar,Saturday,7:05,good,,
20/03/2020,20-Mar,Friday,21:02,rad,neutral work,
20/03/2020,20-Mar,Friday,7:05,good,,
19/03/2020,19-Mar,Thursday,21:55,good,work | dislike work,
19/03/2020,19-Mar,Thursday,7:25,good,neutral work,
18/03/2020,18-Mar,Wednesday,22:10,good,sick | neutral work,
18/03/2020,18-Mar,Wednesday,7:05,good,sick | neutral work,
17/03/2020,17-Mar,Tuesday,21:50,meh,reading | gaming | procrastinating | sick | coffee | neutral work,
17/03/2020,17-Mar,Tuesday,7:18,good,sick | neutral work,
16/03/2020,16-Mar,Monday,22:13,good,sick | neutral work,
16/03/2020,16-Mar,Monday,7:19,meh,neutral work,
15/03/2020,15-Mar,Sunday,21:01,good,neutral work,
15/03/2020,15-Mar,Sunday,7:42,good,,
14/03/2020,14-Mar,Saturday,22:10,good,,
14/03/2020,14-Mar,Saturday,8:51,good,like work,
13/03/2020,13-Mar,Friday,7:22,good,neutral work,
12/03/2020,12-Mar,Thursday,21:47,good,neutral work,
12/03/2020,12-Mar,Thursday,7:05,good,dislike work,
11/03/2020,11-Mar,Wednesday,21:28,good,procrastinating | sex | sick | herpes | read news | dislike work,
11/03/2020,11-Mar,Wednesday,7:08,meh,dislike work,
10/03/2020,10-Mar,Tuesday,22:43,meh,dislike work,
10/03/2020,10-Mar,Tuesday,7:27,good,dislike work,
9/03/2020,9-Mar,Monday,7:19,good,neutral work,
8/03/2020,8-Mar,Sunday,22:34,good,neutral work,
8/03/2020,8-Mar,Sunday,8:09,good,,
7/03/2020,7-Mar,Saturday,21:02,good,neutral work,
7/03/2020,7-Mar,Saturday,7:53,good,neutral work,
6/03/2020,6-Mar,Friday,21:03,good,neutral work,
6/03/2020,6-Mar,Friday,7:13,good,dislike work,
5/03/2020,5-Mar,Thursday,21:20,meh,dislike work,
5/03/2020,5-Mar,Thursday,7:53,meh,neutral work,
4/03/2020,4-Mar,Wednesday,21:15,good,neutral work,
4/03/2020,4-Mar,Wednesday,7:40,good,neutral work,
3/03/2020,3-Mar,Tuesday,21:00,meh,dislike work,
3/03/2020,3-Mar,Tuesday,11:53,good,neutral work,
2/03/2020,2-Mar,Monday,21:00,rad,,
2/03/2020,2-Mar,Monday,7:28,good,neutral work,
1/03/2020,1-Mar,Sunday,21:37,rad,neutral work,
1/03/2020,1-Mar,Sunday,7:33,rad,neutral work,
29/02/2020,29-Feb,Saturday,21:18,rad,,
29/02/2020,29-Feb,Saturday,8:30,rad,like work,
28/02/2020,28-Feb,Friday,22:17,rad,like work,
28/02/2020,28-Feb,Friday,7:25,good,neutral work,
27/02/2020,27-Feb,Thursday,22:25,good,like work,
27/02/2020,27-Feb,Thursday,7:15,good,neutral work,
26/02/2020,26-Feb,Wednesday,21:25,good,neutral work,
26/02/2020,26-Feb,Wednesday,7:31,good,neutral work,
25/02/2020,25-Feb,Tuesday,22:18,good,neutral work,
25/02/2020,25-Feb,Tuesday,7:07,good,neutral work,
24/02/2020,24-Feb,Monday,21:52,meh,sick | neutral work,
24/02/2020,24-Feb,Monday,7:15,good,neutral work,
23/02/2020,23-Feb,Sunday,22:18,good,neutral work,
23/02/2020,23-Feb,Sunday,8:01,good,,
22/02/2020,22-Feb,Saturday,22:03,rad,neutral work,
22/02/2020,22-Feb,Saturday,8:27,rad,,
21/02/2020,21-Feb,Friday,21:52,rad,like work,
21/02/2020,21-Feb,Friday,7:28,good,neutral work,
20/02/2020,20-Feb,Thursday,22:20,meh,like work,
20/02/2020,20-Feb,Thursday,7:16,good,neutral work,
19/02/2020,19-Feb,Wednesday,21:00,good,neutral work,
19/02/2020,19-Feb,Wednesday,7:17,meh,dislike work,
18/02/2020,18-Feb,Tuesday,21:02,good,dislike work,
18/02/2020,18-Feb,Tuesday,7:05,good,neutral work,
17/02/2020,17-Feb,Monday,21:02,good,neutral work,
17/02/2020,17-Feb,Monday,7:59,meh,dislike work,
16/02/2020,16-Feb,Sunday,22:04,good,neutral work,
16/02/2020,16-Feb,Sunday,7:15,good,,
15/02/2020,15-Feb,Saturday,22:41,good,neutral work,
15/02/2020,15-Feb,Saturday,7:10,rad,,
14/02/2020,14-Feb,Friday,21:00,good,,
14/02/2020,14-Feb,Friday,7:05,good,neutral work,
13/02/2020,13-Feb,Thursday,21:00,good,neutral work,
13/02/2020,13-Feb,Thursday,7:05,good,neutral work,
12/02/2020,12-Feb,Wednesday,21:05,rad,neutral work,
12/02/2020,12-Feb,Wednesday,7:05,good,neutral work,
11/02/2020,11-Feb,Tuesday,21:14,rad,neutral work,
11/02/2020,11-Feb,Tuesday,7:27,good,neutral work,
10/02/2020,10-Feb,Monday,23:03,rad,neutral work,
10/02/2020,10-Feb,Monday,7:32,good,neutral work,
9/02/2020,9-Feb,Sunday,21:45,good,dislike work,
9/02/2020,9-Feb,Sunday,8:11,rad,neutral work,
8/02/2020,8-Feb,Saturday,21:03,good,neutral work,
8/02/2020,8-Feb,Saturday,7:05,rad,dislike work,
7/02/2020,7-Feb,Friday,22:16,good,dislike work,
7/02/2020,7-Feb,Friday,7:43,good,neutral work,
6/02/2020,6-Feb,Thursday,22:24,good,neutral work,
6/02/2020,6-Feb,Thursday,7:12,meh,dislike work,
5/02/2020,5-Feb,Wednesday,21:00,meh,dislike work,
5/02/2020,5-Feb,Wednesday,7:12,good,neutral work,
4/02/2020,4-Feb,Tuesday,21:00,good,neutral work,
4/02/2020,4-Feb,Tuesday,7:08,good,neutral work,
3/02/2020,3-Feb,Monday,21:35,good,neutral work,
3/02/2020,3-Feb,Monday,7:20,good,neutral work,
2/02/2020,2-Feb,Sunday,22:04,meh,dislike work,
1/02/2020,1-Feb,Saturday,22:03,good,neutral work,
1/02/2020,1-Feb,Saturday,7:13,good,neutral work,
31/01/2020,31-Jan,Friday,21:02,good,neutral work,
31/01/2020,31-Jan,Friday,7:12,good,like work,
30/01/2020,30-Jan,Thursday,21:16,meh,neutral work,
30/01/2020,30-Jan,Thursday,7:40,good,neutral work,
29/01/2020,29-Jan,Wednesday,21:05,good,neutral work,
29/01/2020,29-Jan,Wednesday,7:41,good,work | coffee | like work,
28/01/2020,28-Jan,Tuesday,22:42,good,like work,
28/01/2020,28-Jan,Tuesday,7:05,rad,like work,
27/01/2020,27-Jan,Monday,22:03,rad,like work,
27/01/2020,27-Jan,Monday,9:31,good,neutral work,
26/01/2020,26-Jan,Sunday,21:02,meh,neutral work,
26/01/2020,26-Jan,Sunday,7:24,good,neutral work,
25/01/2020,25-Jan,Saturday,21:39,rad,dislike work,
25/01/2020,25-Jan,Saturday,7:56,good,neutral work,
24/01/2020,24-Jan,Friday,21:02,rad,neutral work,
24/01/2020,24-Jan,Friday,7:23,good,dislike work,
23/01/2020,23-Jan,Thursday,21:00,good,neutral work,
23/01/2020,23-Jan,Thursday,20:23,good,neutral work,
23/01/2020,23-Jan,Thursday,12:16,meh,dislike work,
23/01/2020,23-Jan,Thursday,7:17,good,,
22/01/2020,22-Jan,Wednesday,21:00,good,,
22/01/2020,22-Jan,Wednesday,7:07,rad,,
21/01/2020,21-Jan,Tuesday,22:26,good,,
21/01/2020,21-Jan,Tuesday,7:12,good,,
20/01/2020,20-Jan,Monday,21:02,good,,
20/01/2020,20-Jan,Monday,8:09,good,,
19/01/2020,19-Jan,Sunday,22:36,good,,
19/01/2020,19-Jan,Sunday,7:07,rad,,
18/01/2020,18-Jan,Saturday,23:48,good,,
18/01/2020,18-Jan,Saturday,9:17,rad,,
17/01/2020,17-Jan,Friday,21:22,rad,,
17/01/2020,17-Jan,Friday,7:07,good,,
16/01/2020,16-Jan,Thursday,22:32,good,,
16/01/2020,16-Jan,Thursday,8:56,rad,,
15/01/2020,15-Jan,Wednesday,21:16,good,,
15/01/2020,15-Jan,Wednesday,7:07,good,,
14/01/2020,14-Jan,Tuesday,21:05,rad,,
14/01/2020,14-Jan,Tuesday,7:17,good,,
13/01/2020,13-Jan,Monday,21:43,good,,
13/01/2020,13-Jan,Monday,7:11,meh,,
12/01/2020,12-Jan,Sunday,21:21,good,,
12/01/2020,12-Jan,Sunday,7:54,meh,,
11/01/2020,11-Jan,Saturday,22:06,good,,
11/01/2020,11-Jan,Saturday,7:27,good,,
10/01/2020,10-Jan,Friday,21:00,good,,
10/01/2020,10-Jan,Friday,7:05,good,,
9/01/2020,9-Jan,Thursday,21:02,good,,
9/01/2020,9-Jan,Thursday,7:13,meh,,
8/01/2020,8-Jan,Wednesday,21:15,meh,,
8/01/2020,8-Jan,Wednesday,7:09,meh,,
7/01/2020,7-Jan,Tuesday,22:39,meh,,
7/01/2020,7-Jan,Tuesday,8:08,good,,
6/01/2020,6-Jan,Monday,21:09,meh,,
5/01/2020,5-Jan,Sunday,21:04,meh,,
5/01/2020,5-Jan,Sunday,7:05,meh,,
4/01/2020,4-Jan,Saturday,21:44,good,,
4/01/2020,4-Jan,Saturday,7:05,good,,
3/01/2020,3-Jan,Friday,21:15,good,,
3/01/2020,3-Jan,Friday,7:05,good,,
2/01/2020,2-Jan,Thursday,21:00,good,,
2/01/2020,2-Jan,Thursday,7:30,rad,,
1/01/2020,1-Jan,Wednesday,21:00,good,,
1/01/2020,1-Jan,Wednesday,7:08,meh,,
31/12/2019,31-Dec,Tuesday,21:00,rad,,
31/12/2019,31-Dec,Tuesday,8:05,good,,
30/12/2019,30-Dec,Monday,21:01,rad,,
30/12/2019,30-Dec,Monday,8:10,good,,
29/12/2019,29-Dec,Sunday,22:27,rad,,
29/12/2019,29-Dec,Sunday,7:05,good,,
28/12/2019,28-Dec,Saturday,21:06,rad,,
28/12/2019,28-Dec,Saturday,7:54,good,,
27/12/2019,27-Dec,Friday,21:18,rad,,
27/12/2019,27-Dec,Friday,8:24,rad,,
26/12/2019,26-Dec,Thursday,23:20,rad,,
26/12/2019,26-Dec,Thursday,8:37,good,,
25/12/2019,25-Dec,Wednesday,21:32,rad,,
25/12/2019,25-Dec,Wednesday,8:17,good,,
24/12/2019,24-Dec,Tuesday,21:01,good,,
24/12/2019,24-Dec,Tuesday,9:10,good,,
23/12/2019,23-Dec,Monday,21:15,rad,,
23/12/2019,23-Dec,Monday,7:52,good,,
22/12/2019,22-Dec,Sunday,21:01,rad,,
22/12/2019,22-Dec,Sunday,7:06,rad,,
21/12/2019,21-Dec,Saturday,21:05,good,,
21/12/2019,21-Dec,Saturday,8:45,meh,,
20/12/2019,20-Dec,Friday,7:52,good,,
19/12/2019,19-Dec,Thursday,21:01,good,,
19/12/2019,19-Dec,Thursday,12:01,bad,,stress over workers comp
19/12/2019,19-Dec,Thursday,8:45,good,,
18/12/2019,18-Dec,Wednesday,21:00,good,,
17/12/2019,17-Dec,Tuesday,21:17,rad,,
17/12/2019,17-Dec,Tuesday,8:07,rad,,
16/12/2019,16-Dec,Monday,21:04,rad,,
16/12/2019,16-Dec,Monday,7:28,rad,,
15/12/2019,15-Dec,Sunday,7:42,meh,,
15/12/2019,15-Dec,Sunday,2:03,awful,,
14/12/2019,14-Dec,Saturday,7:08,good,,
13/12/2019,13-Dec,Friday,21:09,rad,,
13/12/2019,13-Dec,Friday,7:05,meh,,
12/12/2019,12-Dec,Thursday,21:03,good,,
12/12/2019,12-Dec,Thursday,7:11,good,,
11/12/2019,11-Dec,Wednesday,21:04,good,,
11/12/2019,11-Dec,Wednesday,7:27,meh,,
10/12/2019,10-Dec,Tuesday,21:00,good,,
10/12/2019,10-Dec,Tuesday,7:31,good,,
9/12/2019,9-Dec,Monday,21:26,good,,
9/12/2019,9-Dec,Monday,7:08,good,,
8/12/2019,8-Dec,Sunday,21:11,good,,
8/12/2019,8-Dec,Sunday,7:06,meh,,
7/12/2019,7-Dec,Saturday,21:02,good,,
7/12/2019,7-Dec,Saturday,7:05,meh,,
6/12/2019,6-Dec,Friday,21:05,good,,
6/12/2019,6-Dec,Friday,7:51,bad,,
5/12/2019,5-Dec,Thursday,21:20,good,,
5/12/2019,5-Dec,Thursday,9:28,good,work | sick,
23/11/2019,23-Nov,Saturday,21:00,good,,
23/11/2019,23-Nov,Saturday,8:00,good,,
22/11/2019,22-Nov,Friday,21:12,good,,
22/11/2019,22-Nov,Friday,10:50,meh,,
21/11/2019,21-Nov,Thursday,21:45,meh,,
21/11/2019,21-Nov,Thursday,8:13,good,,
20/11/2019,20-Nov,Wednesday,21:00,good,,
20/11/2019,20-Nov,Wednesday,8:00,good,,
19/11/2019,19-Nov,Tuesday,21:00,meh,,
19/11/2019,19-Nov,Tuesday,8:47,bad,,
18/11/2019,18-Nov,Monday,21:17,good,,
18/11/2019,18-Nov,Monday,8:06,good,,
17/11/2019,17-Nov,Sunday,21:52,good,,
17/11/2019,17-Nov,Sunday,8:00,good,,
16/11/2019,16-Nov,Saturday,21:00,rad,,
16/11/2019,16-Nov,Saturday,8:00,good,,
15/11/2019,15-Nov,Friday,8:22,good,,
14/11/2019,14-Nov,Thursday,21:55,good,,
14/11/2019,14-Nov,Thursday,9:12,good,,
13/11/2019,13-Nov,Wednesday,21:00,good,,
13/11/2019,13-Nov,Wednesday,8:00,good,,
12/11/2019,12-Nov,Tuesday,21:00,meh,,
11/11/2019,11-Nov,Monday,8:11,good,,
10/11/2019,10-Nov,Sunday,21:04,meh,,
10/11/2019,10-Nov,Sunday,8:44,meh,,
9/11/2019,9-Nov,Saturday,21:00,meh,,
9/11/2019,9-Nov,Saturday,9:07,good,,
8/11/2019,8-Nov,Friday,21:00,good,,
8/11/2019,8-Nov,Friday,8:00,awful,,
7/11/2019,7-Nov,Thursday,21:04,rad,,
7/11/2019,7-Nov,Thursday,8:18,good,,
6/11/2019,6-Nov,Wednesday,21:11,meh,,
6/11/2019,6-Nov,Wednesday,8:13,good,,
5/11/2019,5-Nov,Tuesday,21:46,bad,,
5/11/2019,5-Nov,Tuesday,8:03,bad,,
4/11/2019,4-Nov,Monday,21:37,rad,,
4/11/2019,4-Nov,Monday,9:44,meh,,
3/11/2019,3-Nov,Sunday,21:00,good,,
3/11/2019,3-Nov,Sunday,8:14,good,,
2/11/2019,2-Nov,Saturday,21:00,meh,,
2/11/2019,2-Nov,Saturday,8:02,rad,sex,
1/11/2019,1-Nov,Friday,21:02,good,,
1/11/2019,1-Nov,Friday,8:21,good,,
31/10/2019,31-Oct,Thursday,22:08,good,,
31/10/2019,31-Oct,Thursday,8:36,good,,
30/10/2019,30-Oct,Wednesday,21:37,good,,
30/10/2019,30-Oct,Wednesday,8:00,good,,
29/10/2019,29-Oct,Tuesday,21:55,good,,
29/10/2019,29-Oct,Tuesday,9:09,good,,
28/10/2019,28-Oct,Monday,21:32,good,,
28/10/2019,28-Oct,Monday,8:55,good,,
27/10/2019,27-Oct,Sunday,21:43,good,,
27/10/2019,27-Oct,Sunday,8:04,good,,
26/10/2019,26-Oct,Saturday,22:00,good,,
26/10/2019,26-Oct,Saturday,8:07,rad,sex,
25/10/2019,25-Oct,Friday,22:26,rad,,
24/10/2019,24-Oct,Thursday,21:00,good,,
24/10/2019,24-Oct,Thursday,8:00,good,,
23/10/2019,23-Oct,Wednesday,21:00,good,,
23/10/2019,23-Oct,Wednesday,8:06,good,,
22/10/2019,22-Oct,Tuesday,22:21,good,,
22/10/2019,22-Oct,Tuesday,11:31,good,,
21/10/2019,21-Oct,Monday,21:00,meh,,
21/10/2019,21-Oct,Monday,8:15,good,,
20/10/2019,20-Oct,Sunday,21:00,good,,
20/10/2019,20-Oct,Sunday,8:55,good,,
19/10/2019,19-Oct,Saturday,21:08,meh,,
19/10/2019,19-Oct,Saturday,8:50,good,relax | reading | learning | procrastinating | sex,
18/10/2019,18-Oct,Friday,21:00,good,,
18/10/2019,18-Oct,Friday,8:15,good,,
17/10/2019,17-Oct,Thursday,23:33,good,,
17/10/2019,17-Oct,Thursday,12:10,good,work,
16/10/2019,16-Oct,Wednesday,21:28,good,relax | friends | reading | gaming | learning | coffee,
16/10/2019,16-Oct,Wednesday,8:01,good,,
15/10/2019,15-Oct,Tuesday,21:00,rad,friends | reading | gaming | learning,
15/10/2019,15-Oct,Tuesday,8:00,good,,
14/10/2019,14-Oct,Monday,21:01,good,friends | gaming | learning | drawing,
14/10/2019,14-Oct,Monday,8:00,good,,
13/10/2019,13-Oct,Sunday,21:00,rad,relax | friends | reading | gaming | good meal,
13/10/2019,13-Oct,Sunday,8:09,rad,reading | sleeping,
20/05/2019,20-May,Monday,8:23,meh,work | procrastinating | read news | coffee,ate badly and drank last night
19/05/2019,19-May,Sunday,21:02,meh,work | friends | reading | gaming | cleaning | procrastinating | programming | read news | coffee,
19/05/2019,19-May,Sunday,9:12,good,,
18/05/2019,18-May,Saturday,21:00,good,relax | friends | reading | gaming | learning | programming | coffee,
18/05/2019,18-May,Saturday,9:20,good,relax | gaming,voted
17/05/2019,17-May,Friday,21:46,good,work | relax | reading | gaming | good meal | cleaning | procrastinating | cycling | cooking | read news | coffee,
17/05/2019,17-May,Friday,8:34,good,reading | procrastinating | cycling | read news | coffee,
16/05/2019,16-May,Thursday,22:06,good,work | friends | running | learning | programming | coffee,
16/05/2019,16-May,Thursday,9:36,rad,work | running | reading | coffee,"runners high, good muffin, optimistic"
15/05/2019,15-May,Wednesday,22:21,good,work | friends | reading | good meal | bus | coffee,tired
15/05/2019,15-May,Wednesday,8:01,good,procrastinating | coffee,
14/05/2019,14-May,Tuesday,22:38,good,work | relax | running | reading | procrastinating | sex | read news | coffee,
14/05/2019,14-May,Tuesday,8:15,good,relax | good meal | procrastinating | coffee,almond milk coffee is good. figuring out solutions to work problem
13/05/2019,13-May,Monday,21:00,good,,
13/05/2019,13-May,Monday,8:25,good,,
12/05/2019,12-May,Sunday,21:51,good,relax,
12/05/2019,12-May,Sunday,16:53,rad,friends | running | gaming | procrastinating | read news | drawing,"was sad, but run made me feel good again"
12/05/2019,12-May,Sunday,8:23,meh,,
11/05/2019,11-May,Saturday,21:03,good,relax | friends | reading | gaming | procrastinating | read news | coffee,finished horizon zero dawn
11/05/2019,11-May,Saturday,8:52,meh,sick,"head cold, not enough sleep"
10/05/2019,10-May,Friday,21:53,good,work | gaming | procrastinating | bus | coffee,
10/05/2019,10-May,Friday,8:57,good,running | coffee,runners high
9/05/2019,9-May,Thursday,22:30,good,work | gaming | procrastinating | cycling | coffee,
9/05/2019,9-May,Thursday,9:28,rad,work | reading | good meal | procrastinating | cycling | cooking | coffee,interview with paul foster
8/05/2019,8-May,Wednesday,21:00,good,,
8/05/2019,8-May,Wednesday,8:00,good,gaming | good meal | procrastinating | cooking,bored
7/05/2019,7-May,Tuesday,22:35,good,work | reading | gaming | procrastinating | cycling | cooking,
7/05/2019,7-May,Tuesday,8:01,good,gaming | procrastinating,
6/05/2019,6-May,Monday,22:12,good,work | running | gaming | procrastinating | drawing | coffee,
6/05/2019,6-May,Monday,11:49,good,work | running | learning | coffee,
5/05/2019,5-May,Sunday,22:22,good,relax | gaming | learning | procrastinating | drawing | coffee,civ IV
5/05/2019,5-May,Sunday,9:22,good,,
4/05/2019,4-May,Saturday,21:31,good,relax | friends | gaming | drawing | coffee,
4/05/2019,4-May,Saturday,8:25,rad,friends | sex,
3/05/2019,3-May,Friday,23:29,good,work | friends | reading | gaming | procrastinating | coffee,
3/05/2019,3-May,Friday,8:10,good,reading | read news,
2/05/2019,2-May,Thursday,23:16,good,work | running | learning | coffee,
2/05/2019,2-May,Thursday,12:45,good,work | running | procrastinating | read news | coffee,
1/05/2019,1-May,Wednesday,21:37,good,work | relax | gaming | procrastinating | cycling | read news | coffee,some success job hunting
1/05/2019,1-May,Wednesday,8:47,good,procrastinating | cycling | read news,
30/04/2019,30-Apr,Tuesday,22:40,meh,work | running | gaming | procrastinating | coffee,"job rejection, science difficulties"
30/04/2019,30-Apr,Tuesday,9:13,good,running | gaming | procrastinating,
29/04/2019,29-Apr,Monday,22:47,meh,work | reading | gaming | procrastinating | coffee,
29/04/2019,29-Apr,Monday,8:53,meh,,
28/04/2019,28-Apr,Sunday,22:36,bad,,
19/04/2019,19-Apr,Friday,8:44,good,,moving
18/04/2019,18-Apr,Thursday,21:58,good,work | reading | gaming | cleaning | herpes | coffee,"moving, started playing horizon zero dawn"
18/04/2019,18-Apr,Thursday,8:32,good,,
17/04/2019,17-Apr,Wednesday,21:01,rad,work | running | movies | reading | gaming | cleaning | cooking | coffee,
17/04/2019,17-Apr,Wednesday,8:30,good,gaming,
16/04/2019,16-Apr,Tuesday,20:00,meh,,
16/04/2019,16-Apr,Tuesday,9:04,good,sex,
15/04/2019,15-Apr,Monday,22:43,good,work | reading | gaming | procrastinating | read news | coffee,
15/04/2019,15-Apr,Monday,8:10,good,work | reading | coffee,morning commute walk was nice
14/04/2019,14-Apr,Sunday,21:55,meh,reading | gaming | procrastinating | cycling | read news,
14/04/2019,14-Apr,Sunday,8:23,good,reading,
13/04/2019,13-Apr,Saturday,21:08,good,coffee,
13/04/2019,13-Apr,Saturday,8:24,good,gaming,
12/04/2019,12-Apr,Friday,21:20,good,reading | gaming | procrastinating | read news | coffee,reading creepy stories
12/04/2019,12-Apr,Friday,8:00,good,coffee,
11/04/2019,11-Apr,Thursday,21:00,meh,good meal,Simone stressed about moving
11/04/2019,11-Apr,Thursday,8:00,good,reading | good meal | coffee,
10/04/2019,10-Apr,Wednesday,21:01,good,work | running | reading,
10/04/2019,10-Apr,Wednesday,8:04,meh,reading,
9/04/2019,9-Apr,Tuesday,21:00,good,work | reading | gaming | good meal | cleaning | learning | cooking | coffee,
9/04/2019,9-Apr,Tuesday,8:45,good,,
9/04/2019,9-Apr,Tuesday,7:35,meh,reading | read news,prepping for move
8/04/2019,8-Apr,Monday,22:21,good,work | running | reading | gaming | coffee,
8/04/2019,8-Apr,Monday,8:00,good,reading | read news | coffee,
7/04/2019,7-Apr,Sunday,22:21,rad,work | friends | party | reading | gaming | good meal | learning | coffee,"36 crazyfists, worked on saimas paper"
7/04/2019,7-Apr,Sunday,8:48,good,reading,dealing with epub files
6/04/2019,6-Apr,Saturday,21:28,rad,friends | party | reading | gaming | coffee,
6/04/2019,6-Apr,Saturday,8:57,good,relax | reading | gaming,
5/04/2019,5-Apr,Friday,22:07,rad,work | friends | party | gaming | learning | coffee,
5/04/2019,5-Apr,Friday,8:00,good,reading,
4/04/2019,4-Apr,Thursday,23:16,rad,running | gaming,
4/04/2019,4-Apr,Thursday,18:55,good,work | cleaning | learning | cycling | read news | coffee,
31/03/2019,31-Mar,Sunday,21:58,good,friends | reading | gaming | read news | coffee,stressed from reading hacker news
31/03/2019,31-Mar,Sunday,8:24,rad,sex,
30/03/2019,30-Mar,Saturday,22:03,good,friends | reading | gaming | good meal | procrastinating | read news | coffee,"stressed from news, house hunting"
30/03/2019,30-Mar,Saturday,8:24,good,,
29/03/2019,29-Mar,Friday,22:43,good,work | friends | reading | gaming | good meal | cycling | coffee,
29/03/2019,29-Mar,Friday,8:00,good,reading,
28/03/2019,28-Mar,Thursday,21:44,rad,work | reading | cycling | coffee,music mit kyle and emily
28/03/2019,28-Mar,Thursday,8:31,meh,reading | cycling,
27/03/2019,27-Mar,Wednesday,22:23,bad,procrastinating | read news | coffee,killed mice
27/03/2019,27-Mar,Wednesday,8:06,good,reading | procrastinating,
26/03/2019,26-Mar,Tuesday,21:01,good,gaming | good meal | cycling | read news | coffee,
26/03/2019,26-Mar,Tuesday,9:16,good,work | cycling,
25/03/2019,25-Mar,Monday,20:45,good,work | reading | gaming | cleaning | cooking | coffee,
25/03/2019,25-Mar,Monday,8:00,good,,
24/03/2019,24-Mar,Sunday,8:28,rad,travel,
23/03/2019,23-Mar,Saturday,21:53,rad,reading | good meal | coffee,
23/03/2019,23-Mar,Saturday,10:39,good,relax | reading,
20/03/2019,20-Mar,Wednesday,8:21,good,reading | travel,
19/03/2019,19-Mar,Tuesday,21:00,good,reading | procrastinating | hiking | read news | coffee,
19/03/2019,19-Mar,Tuesday,8:00,rad,relax,
18/03/2019,18-Mar,Monday,21:00,rad,reading | good meal | hiking | cooking | coffee,
18/03/2019,18-Mar,Monday,9:21,rad,,excited for taranaki hike
17/03/2019,17-Mar,Sunday,21:59,good,travel | good meal,prepping for overnight hike
17/03/2019,17-Mar,Sunday,9:23,rad,travel,
16/03/2019,16-Mar,Saturday,21:00,rad,reading | procrastinating | hiking | read news,
16/03/2019,16-Mar,Saturday,11:09,rad,hiking,
15/03/2019,15-Mar,Friday,21:00,rad,reading | hiking | sex,
15/03/2019,15-Mar,Friday,10:01,good,travel | hiking,
14/03/2019,14-Mar,Thursday,21:04,rad,travel,"saw some maori history, volcanic stuff"
14/03/2019,14-Mar,Thursday,14:25,rad,travel | hiking | coffee,
14/03/2019,14-Mar,Thursday,9:00,meh,,tired
13/03/2019,13-Mar,Wednesday,8:00,good,reading | travel,"tired, going to nz"
12/03/2019,12-Mar,Tuesday,18:00,good,,
12/03/2019,12-Mar,Tuesday,14:17,meh,work,
12/03/2019,12-Mar,Tuesday,7:29,good,reading,
11/03/2019,11-Mar,Monday,21:00,good,,
11/03/2019,11-Mar,Monday,13:30,bad,work,
11/03/2019,11-Mar,Monday,8:00,good,reading,
10/03/2019,10-Mar,Sunday,21:01,rad,relax | friends | running | reading | gaming | read news,
10/03/2019,10-Mar,Sunday,9:41,meh,reading | gaming | cleaning | cooking,tired
9/03/2019,9-Mar,Saturday,20:32,good,reading | gaming | travel,"tired, saw simones fams"
9/03/2019,9-Mar,Saturday,8:35,good,reading | gaming,tired
8/03/2019,8-Mar,Friday,23:57,good,work | relax | reading | gaming | procrastinating,
8/03/2019,8-Mar,Friday,10:06,good,work | reading | gaming | programming,
7/03/2019,7-Mar,Thursday,21:27,good,work | gaming | good meal | cycling | cooking | herpes | read news,
7/03/2019,7-Mar,Thursday,8:47,meh,work | gaming | cycling | herpes | read news,stressed
6/03/2019,6-Mar,Wednesday,22:06,good,work | gaming | herpes,stressed! finished witcher 3
6/03/2019,6-Mar,Wednesday,10:06,meh,work | gaming | herpes,
5/03/2019,5-Mar,Tuesday,21:01,good,gaming | good meal | cycling | cooking | herpes,
5/03/2019,5-Mar,Tuesday,8:32,good,gaming | cycling | herpes,super Bad herpes.
4/03/2019,4-Mar,Monday,21:00,good,work | gaming | cooking | herpes,
4/03/2019,4-Mar,Monday,13:35,good,work | reading | gaming | herpes | coffee,
3/03/2019,3-Mar,Sunday,23:17,good,friends | running | gaming | herpes | drawing,
3/03/2019,3-Mar,Sunday,10:01,good,gaming | herpes,hungover
2/03/2019,2-Mar,Saturday,21:00,good,friends | reading | gaming | herpes,beach!
2/03/2019,2-Mar,Saturday,10:48,good,friends | gaming | herpes,
1/03/2019,1-Mar,Friday,21:25,good,reading | gaming | sick | herpes,
1/03/2019,1-Mar,Friday,8:53,meh,learning | sick | herpes,
28/02/2019,28-Feb,Thursday,21:00,meh,friends | gaming | sick | herpes,
28/02/2019,28-Feb,Thursday,8:08,meh,sick,"joint weakness and inflammation, memories of illness"
27/02/2019,27-Feb,Wednesday,8:08,meh,reading | gaming | sick,
27/02/2019,27-Feb,Wednesday,8:00,good,reading | sick,
26/02/2019,26-Feb,Tuesday,21:05,good,work | reading | gaming | cycling | sick,"travel planning, still a bit sick"
26/02/2019,26-Feb,Tuesday,8:00,meh,reading,tired!
25/02/2019,25-Feb,Monday,23:06,bad,gaming | sick,went home sick
25/02/2019,25-Feb,Monday,8:00,good,reading,
24/02/2019,24-Feb,Sunday,22:00,rad,friends | running | reading | gaming | cleaning | sex | cooking,
24/02/2019,24-Feb,Sunday,8:23,good,relax | gaming,
23/02/2019,23-Feb,Saturday,8:43,good,relax | gaming,
22/02/2019,22-Feb,Friday,23:12,rad,work | relax | gaming | cycling,
22/02/2019,22-Feb,Friday,8:04,good,reading,
21/02/2019,21-Feb,Thursday,21:00,good,gaming | cooking | read news,worked on paper
21/02/2019,21-Feb,Thursday,8:14,meh,,tired
20/02/2019,20-Feb,Wednesday,22:25,good,work | relax | reading | gaming | good meal | procrastinating,"saw parents, still deleting fb stuff"
20/02/2019,20-Feb,Wednesday,11:12,rad,work,deleting facebook
19/02/2019,19-Feb,Tuesday,21:18,good,work | relax | herpes,"bad food, super tired from exercise! trying to delete Facebook content"
19/02/2019,19-Feb,Tuesday,8:00,good,reading | cleaning,
18/02/2019,18-Feb,Monday,21:26,rad,work | running | reading | good meal | programming | cooking | herpes,talked to simone on phone
18/02/2019,18-Feb,Monday,8:00,good,reading,
17/02/2019,17-Feb,Sunday,21:00,good,relax | running | reading | gaming | procrastinating | programming | hiking | cooking | read news,
17/02/2019,17-Feb,Sunday,8:22,rad,hiking,
16/02/2019,16-Feb,Saturday,21:52,good,friends | reading | gaming | cleaning | cycling | herpes | drawing,dnd and carrot cake
16/02/2019,16-Feb,Saturday,9:00,rad,friends | reading | gaming | cycling,"didnt sleep till 1am, tired!"
15/02/2019,15-Feb,Friday,22:58,good,work | reading | gaming | cooking,
15/02/2019,15-Feb,Friday,8:00,good,reading | gaming | cooking,
14/02/2019,14-Feb,Thursday,21:32,good,work | reading | gaming | cycling | programming | herpes,
14/02/2019,14-Feb,Thursday,8:02,meh,gaming | procrastinating | read news,
13/02/2019,13-Feb,Wednesday,21:47,meh,work | gaming | cleaning | procrastinating | cooking | read news,dust storm with no warning >:(
13/02/2019,13-Feb,Wednesday,8:00,good,reading,
12/02/2019,12-Feb,Tuesday,22:31,good,work | running | procrastinating | herpes,saw parents
12/02/2019,12-Feb,Tuesday,20:45,rad,running,just finished good run
12/02/2019,12-Feb,Tuesday,8:18,meh,read news,worried i accidentally said something bad
11/02/2019,11-Feb,Monday,21:13,meh,work | reading | gaming | good meal | procrastinating | cooking | weights | read news,
11/02/2019,11-Feb,Monday,8:00,good,reading | good meal | cooking,
10/02/2019,10-Feb,Sunday,22:52,good,friends | reading | gaming | good meal | cleaning | procrastinating | cooking,
10/02/2019,10-Feb,Sunday,8:58,rad,gaming | cycling,
9/02/2019,9-Feb,Saturday,21:00,rad,relax | friends | reading | gaming | good meal | procrastinating | cooking,
9/02/2019,9-Feb,Saturday,8:58,bad,gaming | procrastinating,missing simone
9/02/2019,9-Feb,Saturday,8:38,rad,reading | gaming | cooking,
8/02/2019,8-Feb,Friday,22:55,rad,work | relax | running | reading | gaming | good meal | weights | bus,found out work i did will be published!
8/02/2019,8-Feb,Friday,8:36,good,cleaning | sex,
7/02/2019,7-Feb,Thursday,21:00,good,date | good meal | sex | read news,
7/02/2019,7-Feb,Thursday,15:00,bad,work,
7/02/2019,7-Feb,Thursday,8:38,good,reading | good meal | read news,
6/02/2019,6-Feb,Wednesday,21:57,rad,running,
6/02/2019,6-Feb,Wednesday,21:22,good,work | reading,trip planning
6/02/2019,6-Feb,Wednesday,9:57,good,work | cooking,
5/02/2019,5-Feb,Tuesday,22:15,good,work | gaming | good meal | weights | bus,"sick of bus, researching nz trip"
5/02/2019,5-Feb,Tuesday,8:00,good,reading | weights,
4/02/2019,4-Feb,Monday,22:09,good,work | running | reading | gaming | good meal | bus,"qpcr problems still, otherwise good"
4/02/2019,4-Feb,Monday,8:46,good,work | gaming | weights,
3/02/2019,3-Feb,Sunday,8:10,good,travel | camping/hiking overnight,was bad until i flossed
2/02/2019,2-Feb,Saturday,21:29,rad,reading | gaming | travel | good meal | cleaning | cooking | camping/hiking overnight,
2/02/2019,2-Feb,Saturday,8:42,good,relax | gaming | weights,
1/02/2019,1-Feb,Friday,21:33,good,work | relax | procrastinating | cycling | herpes,
1/02/2019,1-Feb,Friday,9:19,good,relax | gaming,
31/01/2019,31-Jan,Thursday,21:08,good,work,"13hr work day, rascals with simone"
31/01/2019,31-Jan,Thursday,8:02,good,work,"7am start, gross!"
30/01/2019,30-Jan,Wednesday,22:34,good,work | reading | gaming | procrastinating | herpes,
29/01/2019,29-Jan,Tuesday,21:10,good,work | friends | movies | herpes,"weird movie ""glass"", meh work day"
25/01/2019,25-Jan,Friday,22:49,good,work | gaming | procrastinating,
25/01/2019,25-Jan,Friday,8:51,meh,reading | sick,still tired and a bit sick
24/01/2019,24-Jan,Thursday,21:00,bad,work | sick,
24/01/2019,24-Jan,Thursday,9:08,rad,reading,"obsessed with seveneves again, content with work"
23/01/2019,23-Jan,Wednesday,21:00,good,work | relax | reading | gaming | cooking,
23/01/2019,23-Jan,Wednesday,8:33,good,learning | sex,playing with weather board
22/01/2019,22-Jan,Tuesday,21:15,good,work | movies | reading | gaming | procrastinating,
22/01/2019,22-Jan,Tuesday,9:05,good,work | gaming,"ksp, drove to work, got weather breakout board"
21/01/2019,21-Jan,Monday,22:23,good,work | reading | gaming | good meal | cycling,
21/01/2019,21-Jan,Monday,9:42,good,work | gaming | cycling,
20/01/2019,20-Jan,Sunday,23:16,rad,relax | friends | running | gaming | cleaning | procrastinating,ksp and dnd
20/01/2019,20-Jan,Sunday,8:00,bad,travel,flight delayed by >1:30hrs
19/01/2019,19-Jan,Saturday,22:59,good,date | running | reading | travel | good meal | procrastinating,walking around Melbourne
19/01/2019,19-Jan,Saturday,9:22,good,sleeping,"sleep in, gf cuddles"
18/01/2019,18-Jan,Friday,21:00,good,relax | travel,tennis
18/01/2019,18-Jan,Friday,8:27,good,,"in melbourne, bad sleep"
17/01/2019,17-Jan,Thursday,21:04,rad,work | running | reading | travel,
17/01/2019,17-Jan,Thursday,8:22,good,running | sleeping,fucking humidity
16/01/2019,16-Jan,Wednesday,21:48,good,work | relax | friends | reading | good meal | procrastinating,had an off night after dinner with friends
16/01/2019,16-Jan,Wednesday,8:01,rad,reading | sleeping | programming | sex,
15/01/2019,15-Jan,Tuesday,21:11,rad,work | running | reading | gaming,"KSP, Daniel got preggers"
15/01/2019,15-Jan,Tuesday,8:10,rad,relax | gaming,
14/01/2019,14-Jan,Monday,21:00,good,reading | gaming | cycling,
14/01/2019,14-Jan,Monday,8:00,good,reading | shopping,
13/01/2019,13-Jan,Sunday,21:41,meh,gaming | good meal | cleaning | procrastinating,"fed sourdough, played ksp"
13/01/2019,13-Jan,Sunday,8:17,rad,sleeping | sex,
12/01/2019,12-Jan,Saturday,21:00,rad,relax | friends | programming | hiking,programming arduino
12/01/2019,12-Jan,Saturday,8:59,good,hiking,hungry
11/01/2019,11-Jan,Friday,22:35,good,relax | movies | gaming | programming,
11/01/2019,11-Jan,Friday,9:12,meh,work | programming,bus
10/01/2019,10-Jan,Thursday,21:20,good,relax | date | shopping,"dinner date, phone shopping"
10/01/2019,10-Jan,Thursday,10:20,good,work | cycling,
9/01/2019,9-Jan,Wednesday,22:21,good,running,data analysis
9/01/2019,9-Jan,Wednesday,15:41,good,work | reading,
9/01/2019,9-Jan,Wednesday,8:02,meh,procrastinating,
8/01/2019,8-Jan,Tuesday,21:54,meh,procrastinating,
8/01/2019,8-Jan,Tuesday,8:36,good,,determined
7/01/2019,7-Jan,Monday,22:11,good,work | reading | learning,
7/01/2019,7-Jan,Monday,8:00,rad,reading,researching nz trip
6/01/2019,6-Jan,Sunday,22:45,good,,
6/01/2019,6-Jan,Sunday,11:11,good,shopping,
5/01/2019,5-Jan,Saturday,11:57,good,good meal,
4/01/2019,4-Jan,Friday,23:31,good,sleeping,
4/01/2019,4-Jan,Friday,10:42,good,travel,
